message_id,datetime,residence_id,text
MSG_SI9NB74X2EK3,2025-12-27 01:42:18,RES_RABAT_RIHAB,Ascenseur en panne depuis ce matin pr√®s du tableau √©lectrique. Personnes √¢g√©es au 5e‚Ä¶
MSG_1YV2STN7E36H,2026-01-15 09:15:15,RES_FES_ANDALOUS,Ascenseur en panne depuis depuis 3 jours pr√®s du tableau √©lectrique. Personnes √¢g√©es au 5e‚Ä¶
MSG_J88QEOZ0KZ4Z,2026-01-16 04:58:09,RES_RABAT_RIHAB,Pouvez-vous m‚Äôenvoyer le d√©tail des charges du mois dernier ?
MSG_6RIDLOFAS1EK,2026-01-15 07:26:07,RES_FES_ATLAS,C‚Äôest quoi la proc√©dure pour r√©server la salle polyvalente ?
MSG_FFQOT8HLJEFY,2026-01-18 14:53:54,RES_FES_ATLAS,R√©clamation propret√© : cage d‚Äôescalier A sale depuis depuis 30 min avec des √©tincelles. üôè
MSG_LPU0DK0GET8T,2026-01-02 13:31:02,RES_FES_ANDALOUS,üö® Inondation majeure au couloir du 3e : l‚Äôeau monte vite pr√®s du tableau √©lectrique. Urgent !!
MSG_6TA7YPP5ZP7R,2026-01-07 20:10:21,RES_FES_ZAYTUNA,"lgarage bab ma kayt7ellch, 7abssna"
MSG_UTDD2EC2IHOY,2026-01-20 15:06:44,RES_FES_ATLAS,"salam, kayn moshkil f lma f darna, ma kaynch lma mn sbah"
MSG_SUSMESJT2JPN,2026-01-12 19:28:10,RES_FES_ANDALOUS,C‚Äôest quoi la proc√©dure pour r√©server la salle polyvalente ?
MSG_LQC3C54WSQT2,2025-12-22 07:47:41,RES_CASA_MARINA,La porte du garage est bloqu√©e depuis depuis 1h. Impossible d‚Äôentrer/sortir √ßa devient dangereux.
MSG_IUU9K9XJUY0B,2026-01-18 18:30:53,RES_RABAT_RIHAB,‚ö†Ô∏è Forte odeur de gaz au couloir du 3e. On a peur d‚Äôune fuite. Pouvez-vous agir tout de suite ?
MSG_NY9V20YAR821,2026-01-17 08:59:34,RES_FES_ANDALOUS,ASCENSEUR EN PANNE DEPUIS DEPUIS 3 JOURS ET L‚ÄôEAU ARRIVE CHEZ PLUSIEURS VOISINS. PERSONNES √ÇG√âES AU 5E‚Ä¶
MSG_K8LW2LM349EL,2025-12-30 02:00:32,RES_CASA_MARINA,Le badge / t√©l√©commande ne marche plus on entend un bruit bizarre. Comment faire ?
MSG_RTP0LZJJEGET,2025-12-29 07:42:54,RES_FES_ANDALOUS,üö® Inondation majeure au local poubelles : l‚Äôeau monte vite on entend un bruit bizarre. Urgent !! üòü
MSG_7VCNEAS6Y3VG,2026-01-19 04:14:00,RES_CASA_OASIS,"salam, kayn moshkil f lma f darna, ma kaynch lma mn sbah"
MSG_CZO2SUG5HCBB,2026-01-06 19:52:02,RES_RABAT_RIHAB,Quelqu‚Äôun est gar√© sur ma place F-09. Pouvez-vous v√©rifier √ßa devient dangereux ?
MSG_Y4LYK83TQLL8,2026-01-08 22:53:53,RES_CASA_OASIS,üö® Agression / bagarre au ascenseur B et personne ne r√©pond. Merci d‚Äôenvoyer la s√©curit√© / pr√©venir les autorit√©s.
MSG_4Q5V7C6S5NKB,2025-12-27 15:40:10,RES_FES_ANDALOUS,Le badge / t√©l√©commande ne marche plus et l‚Äôeau arrive chez plusieurs voisins. Comment faire ?
MSG_DBVZB0OIH5CS,2026-01-03 09:00:58,RES_FES_ANDALOUS,"ri7a dyal gaz f lhall, hadi khatira ÿ®ÿ≤ÿßŸÅ!"
MSG_36U8UEIHX74D,2025-12-29 13:55:37,RES_FES_ATLAS,Ascenseur en panne depuis depuis 30 min pr√®s du tableau √©lectrique. Personnes √¢g√©es au 5e‚Ä¶
MSG_4VPW232UTVG9,2026-01-03 12:56:38,RES_FES_ZAYTUNA,Les poubelles d√©bordent et l‚Äôeau arrive chez plusieurs voisins. Merci de programmer un passage. üôè
MSG_6KOF8KRD5EQY,2026-01-15 13:22:11,RES_CASA_MARINA,üö® Ascenseur bloqu√© avec une voisine √† l‚Äôint√©rieur au cage d‚Äôescalier A. Panique depuis ce matin. Faites le n√©cessaire SVP. svp
MSG_4P501NOUHTCS,2026-01-16 00:37:47,RES_FES_ZAYTUNA,Panne d‚Äôeau g√©n√©rale depuis depuis 2h. On n‚Äôa plus d‚Äôeau pr√®s du tableau √©lectrique. merci
MSG_1ESP7BM41QES,2026-01-04 15:45:37,RES_RABAT_RIHAB,Pouvez-vous m‚Äôenvoyer le d√©tail des charges du mois dernier ? !!
MSG_7PZE9VIFTTD9,2025-12-25 20:11:30,RES_CASA_MARINA,üö® ASCENSEUR BLOQU√â AVEC UN R√âSIDENT √Ä L‚ÄôINT√âRIEUR AU TOIT. PANIQUE √áA DEVIENT DANGEREUX. FAITES LE N√âCESSAIRE SVP. MERCI
MSG_6DVTJA0ASSNH,2026-01-04 16:03:07,RES_CASA_MARINA,Pouvez-vous m‚Äôenvoyer le d√©tail des charges du mois dernier ?
MSG_LAY64YFDS0DJ,2025-12-31 13:19:16,RES_CASA_MARINA,Le badge / t√©l√©commande ne marche plus pr√®s du tableau √©lectrique. Comment faire ?
MSG_EZDUXLEZ896D,2026-01-09 21:18:15,RES_CASA_OASIS,La porte du garage est bloqu√©e depuis depuis 1h. Impossible d‚Äôentrer/sortir et l‚Äôeau arrive chez plusieurs voisins. üòü
MSG_46AEXL68J0NM,2025-12-25 20:37:26,RES_CASA_MARINA,Quelqu‚Äôun est gar√© sur ma place F-09. Pouvez-vous v√©rifier depuis ce matin ?
MSG_6FF7SO8W5038,2025-12-30 20:20:58,RES_CASA_MARINA,C‚Äôest quoi la proc√©dure pour r√©server la salle polyvalente ?
MSG_1TAA0I5LDSLC,2025-12-22 13:15:56,RES_FES_ZAYTUNA,Les poubelles d√©bordent et il y a des enfants. Merci de programmer un passage.
MSG_910T2F7ATWYA,2026-01-05 14:19:24,RES_FES_ATLAS,Quelqu‚Äôun est gar√© sur ma place B-05. Pouvez-vous v√©rifier avec des √©tincelles ?
MSG_MGYN2JCPP9GK,2025-12-25 07:32:06,RES_FES_ATLAS,La porte du garage est bloqu√©e depuis depuis 1h. Impossible d‚Äôentrer/sortir et personne ne r√©pond.
MSG_ZPXVPBL9OT7T,2026-01-02 23:59:53,RES_FES_ZAYTUNA,Bruit excessif chez les voisins du B-05 (musique/soir√©e) √ßa devient dangereux. Merci d‚Äôintervenir. merci
MSG_SLH9BH811KER,2026-01-10 05:44:58,RES_FES_ANDALOUS,ASCENSEUR EN PANNE DEPUIS DEPUIS 3 JOURS √áA DEVIENT DANGEREUX. PERSONNES √ÇG√âES AU 5E‚Ä¶
MSG_LL7V5F1BCPPV,2026-01-09 10:33:32,RES_FES_ZAYTUNA,"bghit attestation dyal sakan, chno khassni ndirÿü"
MSG_0ATVZKHIUIT7,2026-01-05 17:17:27,RES_FES_ZAYTUNA,Fuite importante au ascenseur B et l‚Äôeau arrive chez plusieurs voisins. √áa coule en continu.
MSG_ELRQVSLWF90K,2026-01-05 15:54:12,RES_CASA_OASIS,"ri7a dyal gaz f lhall, hadi khatira ÿ®ÿ≤ÿßŸÅ!"
MSG_QCQ30O30UBMC,2025-12-23 06:12:10,RES_FES_ATLAS,Panne d‚Äôeau g√©n√©rale depuis ce matin. On n‚Äôa plus d‚Äôeau et personne ne r√©pond.
MSG_GE2J51B3JCZU,2025-12-24 01:47:35,RES_CASA_MARINA,"bghit attestation dyal sakan, chno khassni ndirÿü"
MSG_076A3KKRZD5E,2026-01-10 20:15:40,RES_FES_ZAYTUNA,Les poubelles d√©bordent avec des √©tincelles. Merci de programmer un passage.
MSG_UU7ZY6T5PADN,2025-12-22 21:49:30,RES_RABAT_RIHAB,Je n‚Äôai pas re√ßu la quittance / facture. Merci de me la transmettre. merci
MSG_IVZK7A45HVGO,2026-01-20 16:50:32,RES_FES_ATLAS,Le badge / t√©l√©commande ne marche plus pr√®s du tableau √©lectrique. Comment faire ?
MSG_ZXVML90PXRLZ,2026-01-16 14:45:03,RES_RABAT_RIHAB,R√©clamation propret√© : parking - niveau -1 sale depuis depuis 3 jours et personne ne r√©pond.
MSG_6G5G79OR7875,2025-12-20 18:47:49,RES_FES_ZAYTUNA,"kayn sda3 kbir 3nd jaran f lila, bghina tdkhl"
MSG_0NEC8UYO57P6,2025-12-22 19:56:20,RES_FES_ZAYTUNA,üö® Inondation majeure au cage d‚Äôescalier A : l‚Äôeau monte vite √ßa devient dangereux. Urgent !! merci
MSG_OF0ONJPI163Y,2026-01-03 03:40:21,RES_RABAT_RIHAB,C‚Äôest quoi la proc√©dure pour r√©server la salle polyvalente ?
MSG_XW1VZC7D2KD1,2026-01-10 13:55:46,RES_CASA_MARINA,C‚Äôest quoi la proc√©dure pour r√©server la salle polyvalente ?
MSG_SPFHV5BRN7ZS,2025-12-26 09:15:36,RES_FES_ZAYTUNA,La porte du garage est bloqu√©e depuis depuis 1h. Impossible d‚Äôentrer/sortir √ßa devient dangereux. svp
MSG_D5050UI22KX7,2026-01-08 03:32:02,RES_CASA_MARINA,√Ä quelle heure passe l‚Äôagent de nettoyage normalement ?
MSG_S4C3BAEWCFHQ,2025-12-23 06:25:46,RES_CASA_OASIS,Fuite importante au hall B et √ßa sent fort. √áa coule en continu.
MSG_N02YC0MDICVW,2026-01-18 05:56:03,RES_CASA_MARINA,Panne d‚Äôeau g√©n√©rale depuis depuis 2h. On n‚Äôa plus d‚Äôeau depuis ce matin.
MSG_LFYO1750CEHL,2026-01-12 13:20:33,RES_CASA_OASIS,Coupure d‚Äô√©lectricit√© dans les parties communes √ßa devient dangereux. Escaliers dans le noir. üôè
MSG_TZ91X70FQLDB,2026-01-01 13:29:38,RES_CASA_OASIS,Je n‚Äôai pas re√ßu la quittance / facture. Merci de me la transmettre.
MSG_UOVW1N6KVPUC,2025-12-25 03:36:55,RES_FES_ANDALOUS,üö® Inondation majeure au cage d‚Äôescalier A : l‚Äôeau monte vite et l‚Äôeau arrive chez plusieurs voisins. Urgent !!
MSG_SX43WFSQG8X8,2026-01-12 19:19:20,RES_FES_ZAYTUNA,C‚Äôest quoi la proc√©dure pour r√©server la salle polyvalente ?
MSG_K585X8A5FBUO,2026-01-15 21:54:48,RES_FES_ATLAS,Je n‚Äôai pas re√ßu la quittance / facture. Merci de me la transmettre. !!
MSG_6H0W064W3U1H,2025-12-22 02:42:27,RES_CASA_OASIS,√Ä quelle heure passe l‚Äôagent de nettoyage normalement ?
MSG_T9MOGE4QXXVA,2026-01-05 12:33:58,RES_FES_ANDALOUS,"ri7a dyal gaz f lhall, hadi khatira ÿ®ÿ≤ÿßŸÅ!"
MSG_OXIE0RNUJJQ9,2026-01-03 04:43:16,RES_RABAT_RIHAB,Coupure d‚Äô√©lectricit√© dans les parties communes et l‚Äôeau arrive chez plusieurs voisins. Escaliers dans le noir.
MSG_SFFCXHGNZEI3,2025-12-25 20:02:56,RES_CASA_MARINA,C‚Äôest quoi la proc√©dure pour r√©server la salle polyvalente ? merci
MSG_5J2O7S3KKV9R,2025-12-27 13:07:34,RES_CASA_MARINA,üö® Inondation majeure au couloir du 3e : l‚Äôeau monte vite √ßa devient dangereux. Urgent !!
MSG_RUJOQW5DSK7N,2026-01-13 00:36:46,RES_FES_ZAYTUNA,Bruit excessif chez les voisins du G-07 (musique/soir√©e) et il y a des enfants. Merci d‚Äôintervenir.
MSG_MRLRMJKV5USG,2026-01-01 01:12:00,RES_RABAT_RIHAB,üö® Agression / bagarre au local technique depuis ce matin. Merci d‚Äôenvoyer la s√©curit√© / pr√©venir les autorit√©s. üôè
MSG_X5WVFGYW6ZBN,2025-12-31 20:44:33,RES_CASA_MARINA,Fuite importante au local technique √ßa devient dangereux. √áa coule en continu.
MSG_D7OI0PESGBM6,2026-01-12 10:45:37,RES_CASA_MARINA,√Ä quelle heure passe l‚Äôagent de nettoyage normalement ?
MSG_TKKFZZGNI92I,2026-01-13 07:34:38,RES_FES_ATLAS,"bghit attestation dyal sakan, chno khassni ndirÿü"
MSG_H3FVL03DUT4S,2025-12-20 22:24:17,RES_RABAT_RIHAB,"bghit attestation dyal sakan, chno khassni ndirÿü"
MSG_N7H9G1A07H23,2025-12-23 16:34:32,RES_CASA_MARINA,R√©clamation propret√© : toit sale depuis ce matin avec des √©tincelles. merci
MSG_R5RDNPX2I9TA,2026-01-07 21:38:33,RES_RABAT_RIHAB,Les poubelles d√©bordent et il y a des enfants. Merci de programmer un passage. merci
MSG_2KUUOYC3RWQM,2026-01-06 20:33:04,RES_FES_ZAYTUNA,Je n‚Äôai pas re√ßu la quittance / facture. Merci de me la transmettre.
MSG_6TXKI3OQYFOQ,2026-01-05 20:21:11,RES_CASA_OASIS,La porte du garage est bloqu√©e depuis depuis 2h. Impossible d‚Äôentrer/sortir et personne ne r√©pond.
MSG_AJ1G1R1DWWO8,2026-01-07 22:35:45,RES_FES_ATLAS,"kayn sda3 kbir 3nd jaran f lila, bghina tdkhl"
MSG_FV177UDKTMON,2026-01-12 21:44:50,RES_CASA_OASIS,Bruit excessif chez les voisins du B-05 (musique/soir√©e) on entend un bruit bizarre. Merci d‚Äôintervenir.
MSG_3MUURMYBD2QE,2025-12-28 00:03:50,RES_CASA_MARINA,Le badge / t√©l√©commande ne marche plus et l‚Äôeau arrive chez plusieurs voisins. Comment faire ?
MSG_ZNQDXAMW2TND,2025-12-28 07:15:17,RES_CASA_MARINA,"Bonjour, je veux une attestation de r√©sidence pour l‚Äô√©cole de mon enfant. Quelles sont les √©tapes ?"
MSG_8VT43PT5R5RC,2025-12-22 00:27:41,RES_CASA_OASIS,Les poubelles d√©bordent pr√®s du tableau √©lectrique. Merci de programmer un passage. svp
MSG_5BNN0MCIXDU1,2025-12-26 19:26:00,RES_FES_ATLAS,"lgarage bab ma kayt7ellch, 7abssna"
MSG_NAM148P0TVHH,2026-01-10 11:47:08,RES_CASA_MARINA,üö® Inondation majeure au entr√©e principale : l‚Äôeau monte vite et l‚Äôeau arrive chez plusieurs voisins. Urgent !!
MSG_085RNTDR5XYF,2025-12-23 21:52:39,RES_FES_ATLAS,Quelqu‚Äôun est gar√© sur ma place C-21. Pouvez-vous v√©rifier pr√®s du tableau √©lectrique ? üòü
MSG_MYR06NKWFG3M,2026-01-19 23:29:12,RES_CASA_OASIS,"Bonjour, je veux une attestation de r√©sidence pour le travail. Quelles sont les √©tapes ?"
MSG_SDS8B25SQ8CR,2026-01-08 19:55:04,RES_CASA_MARINA,üö® Ascenseur bloqu√© avec une dame √† l‚Äôint√©rieur au ascenseur B. Panique pr√®s du tableau √©lectrique. Faites le n√©cessaire SVP. merci
MSG_BW01PDDHCVSQ,2025-12-20 17:23:36,RES_RABAT_RIHAB,Le badge / t√©l√©commande ne marche plus depuis ce matin. Comment faire ? !!
MSG_GC5WI6FQJJA2,2026-01-03 07:06:54,RES_RABAT_RIHAB,üö® Incendie dans le ascenseur B ! Il y a de la fum√©e et il y a des enfants. Besoin d‚Äôintervention imm√©diate.
MSG_N4PTGQ9CVAH7,2026-01-08 15:40:28,RES_CASA_OASIS,Le badge / t√©l√©commande ne marche plus pr√®s du tableau √©lectrique. Comment faire ?
MSG_WYMX9DJOYOHA,2025-12-23 15:56:41,RES_FES_ATLAS,√Ä quelle heure passe l‚Äôagent de nettoyage normalement ?
MSG_QJLUUJMIYQFY,2026-01-04 10:18:56,RES_RABAT_RIHAB,La porte du garage est bloqu√©e depuis ce matin. Impossible d‚Äôentrer/sortir avec des √©tincelles.
MSG_5GJLQM5K8P4Q,2026-01-15 12:28:07,RES_FES_ATLAS,üö® INCENDIE DANS LE HALL B ! IL Y A DE LA FUM√âE ET √áA SENT FORT. BESOIN D‚ÄôINTERVENTION IMM√âDIATE.
MSG_BZ9SVN7N1YBW,2026-01-05 13:53:41,RES_FES_ATLAS,ASCENSEUR EN PANNE DEPUIS DEPUIS 3 JOURS ON ENTEND UN BRUIT BIZARRE. PERSONNES √ÇG√âES AU 5E‚Ä¶
MSG_5JZ6KF1622VX,2025-12-27 03:01:46,RES_RABAT_RIHAB,Quelqu‚Äôun est gar√© sur ma place D-03. Pouvez-vous v√©rifier et personne ne r√©pond ?
MSG_GABTGDJZ0IFR,2026-01-05 22:21:26,RES_CASA_MARINA,Je n‚Äôai pas re√ßu la quittance / facture. Merci de me la transmettre.
MSG_ATQYYV37DIA5,2026-01-16 14:05:13,RES_FES_ZAYTUNA,"salam, kayn moshkil f lma f darna, ma kaynch lma mn sbah"
MSG_438TGBCVARLW,2025-12-26 16:01:52,RES_FES_ZAYTUNA,Quelqu‚Äôun est gar√© sur ma place E-14. Pouvez-vous v√©rifier et √ßa sent fort ?
MSG_5270SQG4EIJ0,2025-12-24 05:16:55,RES_FES_ANDALOUS,"Bonjour, je veux une attestation de r√©sidence pour mon dossier administratif. Quelles sont les √©tapes ?"
MSG_KBP2QD6VASIF,2026-01-10 04:05:58,RES_FES_ATLAS,Coupure d‚Äô√©lectricit√© dans les parties communes et l‚Äôeau arrive chez plusieurs voisins. Escaliers dans le noir.
MSG_H55HEWLGJE2A,2025-12-22 08:55:32,RES_CASA_OASIS,√Ä quelle heure passe l‚Äôagent de nettoyage normalement ?
MSG_BI4O6Q0USWOV,2025-12-23 08:33:53,RES_CASA_MARINA,R√©clamation propret√© : toit sale depuis depuis 1h on entend un bruit bizarre. üòü
MSG_XL9967I6YUJ7,2026-01-02 22:39:29,RES_CASA_OASIS,Coupure d‚Äô√©lectricit√© dans les parties communes et √ßa sent fort. Escaliers dans le noir. merci
MSG_TRFLQBMAE38S,2026-01-13 08:40:54,RES_CASA_MARINA,Le badge / t√©l√©commande ne marche plus depuis ce matin. Comment faire ? üòü
MSG_3E4XYF9IGFU8,2025-12-31 14:07:52,RES_CASA_MARINA,R√©clamation propret√© : entr√©e principale sale depuis depuis 30 min et personne ne r√©pond.
